id	expected_exit	actual_exit	started_utc	finished_utc	stdout	stderr
VV-HOST-001	0	0	2026-08-27T07:54:41Z	2026-08-27T07:54:42Z	VV-HOST-001.stdout.txt	VV-HOST-001.stderr.txt
VV-HOST-002	0	0	2026-08-27T07:54:42Z	2026-08-27T07:54:42Z	VV-HOST-002.stdout.txt	VV-HOST-002.stderr.txt
VV-HOST-003	0	0	2026-08-27T07:54:42Z	2026-08-27T07:54:42Z	VV-HOST-003.stdout.txt	VV-HOST-003.stderr.txt
VV-HOST-004	0	0	2026-08-27T07:54:42Z	2026-08-27T07:54:42Z	VV-HOST-004.stdout.txt	VV-HOST-004.stderr.txt
VV-HOST-005	0	0	2026-08-27T07:54:42Z	2026-08-27T07:54:42Z	VV-HOST-005.stdout.txt	VV-HOST-005.stderr.txt
VV-HOST-006	0	0	2026-08-27T07:54:42Z	2026-08-27T07:54:43Z	VV-HOST-006.stdout.txt	VV-HOST-006.stderr.txt
VV-HOST-007	1	1	2026-08-27T07:54:43Z	2026-08-27T07:54:46Z	VV-HOST-007.stdout.txt	VV-HOST-007.stderr.txt
VV-HOST-008	1	1	2026-08-27T07:54:46Z	2026-08-27T07:54:50Z	VV-HOST-008.stdout.txt	VV-HOST-008.stderr.txt
VV-HOST-009	0	0	2026-08-27T07:54:50Z	2026-08-27T07:54:50Z	VV-HOST-009.stdout.txt	VV-HOST-009.stderr.txt
