cancel maint	0	8fc71a3b79c77e3db0bbda322441b357e7bf0d42e8827b2f72370f21171c86a0	e3b0c44298fc1c149afbf4c8996fb92427ae41e4649b934ca495991b7852b855	usage: vastai cancel maint id
cleanup machine	0	39ca4ef4a9aca004fb737040b9b2ca48e87075688a585b8df12e62092435f5e2	e3b0c44298fc1c149afbf4c8996fb92427ae41e4649b934ca495991b7852b855	usage: vastai cleanup machine ID [options]
create api-key	0	417b9cc1b65a4f61e88f923e6e532f2ef8c6abf3d264320c236b7bd8824326d6	e3b0c44298fc1c149afbf4c8996fb92427ae41e4649b934ca495991b7852b855	usage: vastai create api-key --name NAME --permission_file PERMISSIONS
create instance	0	a9d1d2fed586136e2819c0e9d88e876b40914571163da1be5c2440fae0c3d653	e3b0c44298fc1c149afbf4c8996fb92427ae41e4649b934ca495991b7852b855	usage: vastai create instance ID [OPTIONS] [--args ...]
create team	0	4ed6dda05424c0efd06cdc973676cb537b0a69b5be5d45b8b2629d7d0dd2d979	e3b0c44298fc1c149afbf4c8996fb92427ae41e4649b934ca495991b7852b855	usage: vastai create-team --team-name TEAM_NAME [--transfer-credit AMOUNT]
create team-role	0	5d111d3dc049c1da05764e55baea4a2842bfb04ba5ba7160c46cd6dad0a45e8a	e3b0c44298fc1c149afbf4c8996fb92427ae41e4649b934ca495991b7852b855	usage: vastai create team-role --name NAME --permissions PERMISSIONS
defrag machines	0	6d7000b9c2fcd16a08df8cf62b1bfa355c3a9c41ce2ac0d1e2ffbcc01a640c48	e3b0c44298fc1c149afbf4c8996fb92427ae41e4649b934ca495991b7852b855	usage: vastai defragment machines IDs
delete api-key	0	929f813df39fad38a8eb4e5b6f578e92b9527fe79f606b9af2643e1a375d0430	e3b0c44298fc1c149afbf4c8996fb92427ae41e4649b934ca495991b7852b855	usage: vastai delete api-key ID
delete machine	0	3cc082689c3c1f42a7f1f5990cf20c573a1d9f50865c39360e377e4d6621f062	e3b0c44298fc1c149afbf4c8996fb92427ae41e4649b934ca495991b7852b855	usage: vastai delete machine <id>
destroy team	0	2b598abb57b7d7b2e90b3e8d65581c80d46fb28ec02b9672721cc8e4e1581de1	e3b0c44298fc1c149afbf4c8996fb92427ae41e4649b934ca495991b7852b855	usage: vastai destroy team
dump-logs	0	ce71048495d4f6686f2f443b1709598da1b5b3a54e569a914b4f433e14ef5366	e3b0c44298fc1c149afbf4c8996fb92427ae41e4649b934ca495991b7852b855	usage: vastai dump-logs <machine_id> [--instance-id INSTANCE_ID] [--output-dir DIR] [--include-local-host-artifacts]
invite member	0	9fd6c7804fd55b5d95c88aa7c3c624bbfecdd9fbfdc654b8465f1010a1a3f383	e3b0c44298fc1c149afbf4c8996fb92427ae41e4649b934ca495991b7852b855	usage: vastai invite member --email EMAIL --role ROLE
list machine	0	b6a057d52976d9dd7a240534e6107cb77c835fc73498e888820abcd679d9fd97	e3b0c44298fc1c149afbf4c8996fb92427ae41e4649b934ca495991b7852b855	usage: vastai list machine ID [options]
list machines	0	70c68ba67390822dab2d5f4903835e1c14f6995a8170169c16dcbd769428dec6	e3b0c44298fc1c149afbf4c8996fb92427ae41e4649b934ca495991b7852b855	usage: vastai list machines IDs [options]
list volume	0	bd1d90add1eff3d20f71a6f8a1af05824018f84d9bd1f6bb0e03aeb0bdd63732	e3b0c44298fc1c149afbf4c8996fb92427ae41e4649b934ca495991b7852b855	usage: vastai list volume ID [options]
logs	0	b48f9ef1542fe1db7e06eab0bfa1cb7ccf0621bab504d0184a849e13eea1ecfc	e3b0c44298fc1c149afbf4c8996fb92427ae41e4649b934ca495991b7852b855	usage: vastai logs INSTANCE_ID [OPTIONS]
metrics gpu	0	62f4c9d4d16707093280a405dd9ed204d804f52115c44421a84b62f536da7d58	e3b0c44298fc1c149afbf4c8996fb92427ae41e4649b934ca495991b7852b855	usage: vastai metrics gpu [OPTIONS]
metrics gpu-locations	0	d9ab3643a48ff0ca104cb1cadddcf9dca7703946eee52232c9011b84c52ac4c8	e3b0c44298fc1c149afbf4c8996fb92427ae41e4649b934ca495991b7852b855	usage: vastai metrics gpu-locations [OPTIONS]
metrics gpu-trends	0	483d2b79c9b897ff97e3110ee94eca8375a282382c34ff4bdd8d7ac2933723f2	e3b0c44298fc1c149afbf4c8996fb92427ae41e4649b934ca495991b7852b855	usage: vastai metrics gpu-trends [NAME] [OPTIONS]
remove defjob	0	f413e5487485e1cb2f417076c226fbcaceb3b45496698b8e4a37d2292e2ce57f	e3b0c44298fc1c149afbf4c8996fb92427ae41e4649b934ca495991b7852b855	usage: vastai remove defjob id
remove member	0	587949f71ab720faa2e9c1e664ffc4015897595fe782215d408875042b375e11	e3b0c44298fc1c149afbf4c8996fb92427ae41e4649b934ca495991b7852b855	usage: vastai remove member ID
remove team-role	0	65399074893d9c7f8e8d7cbc25e97d825d30f5e93a65980c488f0cc19ff857bb	e3b0c44298fc1c149afbf4c8996fb92427ae41e4649b934ca495991b7852b855	usage: vastai remove team-role NAME
reports	0	2c8748233aba4a0f69802b858f6a8081e9afe08e03b80c852b80412782d3d3df	e3b0c44298fc1c149afbf4c8996fb92427ae41e4649b934ca495991b7852b855	usage: vastai reports ID
schedule maint	0	dba8dfc924c12feb70e6cc4c602fedf2f7e96283ec8d3768c2c8db064c5974de	e3b0c44298fc1c149afbf4c8996fb92427ae41e4649b934ca495991b7852b855	usage: vastai schedule maintenance id [--sdate START_DATE --duration DURATION --maintenance_category MAINTENANCE_CATEGORY]
search offers	0	e0b676768628d898a14808aa0e61db4eeed667985627fdea1adbbb1b99a879d8	e3b0c44298fc1c149afbf4c8996fb92427ae41e4649b934ca495991b7852b855	usage: vastai search offers [--help] [--api-key API_KEY] [--raw] <query>
self-test machine	0	2241c6a8000f18d4bf2216fcd95c71a28d0a55bbdaa916e4685e52d9a7227e6b	e3b0c44298fc1c149afbf4c8996fb92427ae41e4649b934ca495991b7852b855	usage: vastai self-test machine <machine_id> [--debugging] [--ignore-requirements] [--test-image IMAGE] [--port-scan-timeout SECONDS]
set api-key	0	accc02854661fbbdd6f23c5677aaa061fde7fd452493b087e3dc599bd567c8b3	e3b0c44298fc1c149afbf4c8996fb92427ae41e4649b934ca495991b7852b855	usage: vastai set api-key APIKEY
set defjob	0	3b204e3ac69973246754694bc4743d7bc8181713cdadca2cbd19c3525d2d612f	e3b0c44298fc1c149afbf4c8996fb92427ae41e4649b934ca495991b7852b855	usage: vastai set defjob id [--api-key API_KEY] [--price_gpu PRICE_GPU] [--price_inetu PRICE_INETU] [--price_inetd PRICE_INETD] [--image IMAGE] [--args ...]
set min-bid	0	ddd5594941742c826807b4f7e77aee9c6532b43acb946f0d6ecd87809573a6a4	e3b0c44298fc1c149afbf4c8996fb92427ae41e4649b934ca495991b7852b855	usage: vastai set min_bid id [--price PRICE]
show api-keys	0	954c97067a8d487fbb902fb920fcbb47ef270324de0a900c672035892fb0428c	e3b0c44298fc1c149afbf4c8996fb92427ae41e4649b934ca495991b7852b855	usage: vastai show api-keys
show audit-logs	0	1092aa6e8888fc30f543c9f80c1736d0ccd790e256290348df78913d0cebb2b1	e3b0c44298fc1c149afbf4c8996fb92427ae41e4649b934ca495991b7852b855	usage: vastai show audit-logs [--api-key API_KEY] [--raw]
show earnings	0	d10c5047aef07c03a93f4ad327c9222f5a97420ec049ac28bb5236d1006fe05a	e3b0c44298fc1c149afbf4c8996fb92427ae41e4649b934ca495991b7852b855	usage: vastai show earnings [OPTIONS]
show machine	0	b694e8c1f4e65f74d0e381fea9314b90fd457d35bf5b2a22e0b555d22d75d499	e3b0c44298fc1c149afbf4c8996fb92427ae41e4649b934ca495991b7852b855	usage: vastai show machine ID [OPTIONS]
show machines	0	990f61dc3fe4fe1e36d4520295dd3eeeb5c4b5658625ba0b4744a8cee21c51c7	e3b0c44298fc1c149afbf4c8996fb92427ae41e4649b934ca495991b7852b855	usage: vastai show machines [OPTIONS]
show maints	0	f5a5cbc252b9cb73d9887a25bce729d23a61b8cb30eeaf041238fa7ba0fbd949	e3b0c44298fc1c149afbf4c8996fb92427ae41e4649b934ca495991b7852b855	usage: vastai show maints --ids 'machine_id_1[,machine_id_2,...]' [OPTIONS]
show members	0	9fcb5aab50777aefa8d722b83767bde208a37f5ba6e9b6e30c10e620694ef3be	e3b0c44298fc1c149afbf4c8996fb92427ae41e4649b934ca495991b7852b855	usage: vastai show members
show team-role	0	1f5a8e6f2072b1bda971ba7edff97276d3ff9698ea6b00b881a6b49e74d8663e	e3b0c44298fc1c149afbf4c8996fb92427ae41e4649b934ca495991b7852b855	usage: vastai show team-role NAME
show team-roles	0	f008b487d45c1373d5b6c2831933ef59bf894493e6f0f0fd47394d8e272a9828	e3b0c44298fc1c149afbf4c8996fb92427ae41e4649b934ca495991b7852b855	usage: vastai show team-roles
show user	0	ccab33ef33a0fa80dc8a820bddac457ff4ebbd6888b38888ba84945ebf6230e8	e3b0c44298fc1c149afbf4c8996fb92427ae41e4649b934ca495991b7852b855	usage: vastai show user [OPTIONS]
unlist machine	0	858a5bb47349fd669ea0fdd68a49fd4841c07d275f6181820a1e0a68935316c1	e3b0c44298fc1c149afbf4c8996fb92427ae41e4649b934ca495991b7852b855	usage: vastai unlist machine <id>
unlist volume	0	7f6148699e5dc528eafcd27690d25eb9a69dbcbae422bd776af029d65ff36955	e3b0c44298fc1c149afbf4c8996fb92427ae41e4649b934ca495991b7852b855	usage: vastai unlist volume ID
update team-role	0	91bca31eb39534200608dd06f5c172ac9e836081e68ca1c0e289b60166e6509c	e3b0c44298fc1c149afbf4c8996fb92427ae41e4649b934ca495991b7852b855	usage: vastai update team-role ID --name NAME --permissions PERMISSIONS
