/__review__/	CAPTURED_UNREVIEWED
/graphify-out/	CAPTURED_UNREVIEWED
/host/account-hosting-agreement	CAPTURED_UNREVIEWED
/host/account-security-for-hosts	CAPTURED_UNREVIEWED
/host/cli-api-sdk	CAPTURED_UNREVIEWED
/host/cli/cancel-maint	CAPTURED_UNREVIEWED
/host/cli/cleanup-machine	CAPTURED_UNREVIEWED
/host/cli/defrag-machines	CAPTURED_UNREVIEWED
/host/cli/delete-machine	CAPTURED_UNREVIEWED
/host/cli/list-machine	CAPTURED_UNREVIEWED
/host/cli/list-machines	CAPTURED_UNREVIEWED
/host/cli/metrics-gpu	CAPTURED_UNREVIEWED
/host/cli/metrics-gpu-locations	CAPTURED_UNREVIEWED
/host/cli/metrics-gpu-trends	CAPTURED_UNREVIEWED
/host/cli/remove-defjob	CAPTURED_UNREVIEWED
/host/cli/schedule-maint	CAPTURED_UNREVIEWED
/host/cli/self-test-machine	CAPTURED_UNREVIEWED
/host/cli/set-defjob	CAPTURED_UNREVIEWED
/host/cli/set-min-bid	CAPTURED_UNREVIEWED
/host/cli/show-machine	CAPTURED_UNREVIEWED
/host/cli/show-machines	CAPTURED_UNREVIEWED
/host/cli/show-maints	CAPTURED_UNREVIEWED
/host/cli/unlist-machine	CAPTURED_UNREVIEWED
/host/common-errors-diagnostics	CAPTURED_UNREVIEWED
/host/common-host-questions	CAPTURED_UNREVIEWED
/host/community	CAPTURED_UNREVIEWED
/host/datacenter-status	CAPTURED_UNREVIEWED
/host/earning	CAPTURED_UNREVIEWED
/host/first-24-hours	CAPTURED_UNREVIEWED
/host/fleet-operations	CAPTURED_UNREVIEWED
/host/glossary	CAPTURED_UNREVIEWED
/host/guide-to-taxes	CAPTURED_UNREVIEWED
/host/hardware-prep	CAPTURED_UNREVIEWED
/host/headless-install	CAPTURED_UNREVIEWED
/host/host-teams	CAPTURED_UNREVIEWED
/host/hosting-agreement	CAPTURED_UNREVIEWED
/host/hosting-overview	CAPTURED_UNREVIEWED
/host/how-to-self-test	CAPTURED_UNREVIEWED
/host/installing-host-software	CAPTURED_UNREVIEWED
/host/machine-errors	CAPTURED_UNREVIEWED
/host/maintenance-windows	CAPTURED_UNREVIEWED
/host/market-metrics	CAPTURED_UNREVIEWED
/host/network-ports	CAPTURED_UNREVIEWED
/host/not-in-search	CAPTURED_UNREVIEWED
/host/notifications	CAPTURED_UNREVIEWED
/host/optimization-guide	CAPTURED_UNREVIEWED
/host/payment	CAPTURED_UNREVIEWED
/host/persona-decision-guide	CAPTURED_UNREVIEWED
/host/pricing-your-listing	CAPTURED_UNREVIEWED
/host/quickstart	CAPTURED_UNREVIEWED
/host/reliability-uptime	CAPTURED_UNREVIEWED
/host/removing-recreating-machines	CAPTURED_UNREVIEWED
/host/sdk/cancel-maint	CAPTURED_UNREVIEWED
/host/sdk/cleanup-machine	CAPTURED_UNREVIEWED
/host/sdk/defrag-machines	CAPTURED_UNREVIEWED
/host/sdk/delete-machine	CAPTURED_UNREVIEWED
/host/sdk/list-machine	CAPTURED_UNREVIEWED
/host/sdk/list-machines	CAPTURED_UNREVIEWED
/host/sdk/remove-defjob	CAPTURED_UNREVIEWED
/host/sdk/schedule-maint	CAPTURED_UNREVIEWED
/host/sdk/self-test-machine	CAPTURED_UNREVIEWED
/host/sdk/set-defjob	CAPTURED_UNREVIEWED
/host/sdk/set-min-bid	CAPTURED_UNREVIEWED
/host/sdk/show-machine	CAPTURED_UNREVIEWED
/host/sdk/show-machines	CAPTURED_UNREVIEWED
/host/sdk/show-maints	CAPTURED_UNREVIEWED
/host/sdk/unlist-machine	CAPTURED_UNREVIEWED
/host/self-test-reference	CAPTURED_UNREVIEWED
/host/storage-setup	CAPTURED_UNREVIEWED
/host/supported-hardware	CAPTURED_UNREVIEWED
/host/understanding-verification	CAPTURED_UNREVIEWED
/host/verification-stages	CAPTURED_UNREVIEWED
/host/vms	CAPTURED_UNREVIEWED
/host/workload-policy	CAPTURED_UNREVIEWED
/review-feedback/	CAPTURED_UNREVIEWED
/verification/	CAPTURED_UNREVIEWED
